IP地址,数据中心,地区,城市,网络延迟
104.17.105.90,SJC,North America,San Jose,167 ms
104.16.203.193,SJC,North America,San Jose,167 ms
104.19.207.223,SJC,North America,San Jose,167 ms
104.19.61.134,SJC,North America,San Jose,168 ms
104.18.192.120,SJC,North America,San Jose,168 ms
104.19.88.32,SJC,North America,San Jose,168 ms
104.17.187.19,SJC,North America,San Jose,168 ms
104.17.114.254,SJC,North America,San Jose,168 ms
104.18.157.15,SJC,North America,San Jose,168 ms
104.17.39.55,SJC,North America,San Jose,169 ms
104.19.116.65,SJC,North America,San Jose,169 ms
104.16.135.248,SJC,North America,San Jose,170 ms
104.16.187.0,SJC,North America,San Jose,170 ms
104.17.139.131,SJC,North America,San Jose,170 ms
104.16.185.121,SJC,North America,San Jose,170 ms
104.18.109.80,SJC,North America,San Jose,170 ms
104.19.236.151,SJC,North America,San Jose,170 ms
104.17.123.73,SJC,North America,San Jose,170 ms
104.19.107.4,SJC,North America,San Jose,171 ms
104.17.11.249,SJC,North America,San Jose,171 ms
104.18.227.41,SJC,North America,San Jose,171 ms
104.19.214.19,SJC,North America,San Jose,171 ms
104.18.49.221,SJC,North America,San Jose,171 ms
104.19.106.82,SJC,North America,San Jose,171 ms
104.19.89.46,SJC,North America,San Jose,171 ms
104.19.100.249,SJC,North America,San Jose,172 ms
104.18.89.89,SJC,North America,San Jose,172 ms
104.18.107.154,SJC,North America,San Jose,172 ms
104.18.131.182,SJC,North America,San Jose,172 ms
104.19.203.61,SJC,North America,San Jose,172 ms
104.19.86.43,SJC,North America,San Jose,172 ms
104.16.254.171,SJC,North America,San Jose,172 ms
104.17.6.238,SJC,North America,San Jose,172 ms
104.17.16.216,SJC,North America,San Jose,172 ms
104.19.29.141,SJC,North America,San Jose,172 ms
104.17.253.108,SJC,North America,San Jose,172 ms
104.17.140.65,SJC,North America,San Jose,172 ms
104.18.70.225,SJC,North America,San Jose,173 ms
104.19.189.206,SJC,North America,San Jose,173 ms
104.18.129.89,SJC,North America,San Jose,173 ms
104.18.255.114,SJC,North America,San Jose,173 ms
104.19.200.209,SJC,North America,San Jose,173 ms
104.18.181.227,SJC,North America,San Jose,173 ms
104.19.21.190,SJC,North America,San Jose,173 ms
104.19.125.145,SJC,North America,San Jose,173 ms
104.19.109.154,SJC,North America,San Jose,174 ms
104.19.87.69,SJC,North America,San Jose,174 ms
104.16.130.36,SJC,North America,San Jose,174 ms
104.19.104.5,SJC,North America,San Jose,174 ms
104.19.32.162,SJC,North America,San Jose,174 ms
104.18.104.214,SJC,North America,San Jose,174 ms
104.18.108.178,SJC,North America,San Jose,174 ms
104.18.183.119,SJC,North America,San Jose,174 ms
104.19.46.109,SJC,North America,San Jose,174 ms
104.18.11.174,SJC,North America,San Jose,174 ms
104.16.153.71,SJC,North America,San Jose,175 ms
104.19.36.210,SJC,North America,San Jose,175 ms
104.19.184.178,SJC,North America,San Jose,175 ms
104.16.15.9,SJC,North America,San Jose,175 ms
104.18.54.118,SJC,North America,San Jose,175 ms
104.18.67.114,SJC,North America,San Jose,175 ms
104.19.59.216,SJC,North America,San Jose,175 ms
104.19.1.132,SJC,North America,San Jose,175 ms
104.18.154.76,SJC,North America,San Jose,175 ms
104.18.155.42,SJC,North America,San Jose,175 ms
104.18.102.66,SJC,North America,San Jose,175 ms
104.19.124.227,SJC,North America,San Jose,176 ms
104.18.130.58,SJC,North America,San Jose,176 ms
104.19.31.125,SJC,North America,San Jose,176 ms
104.19.30.218,SJC,North America,San Jose,176 ms
104.18.46.121,SJC,North America,San Jose,176 ms
104.16.14.140,SJC,North America,San Jose,176 ms
104.18.152.14,SJC,North America,San Jose,176 ms
104.17.113.82,SJC,North America,San Jose,176 ms
104.18.14.65,SJC,North America,San Jose,176 ms
104.18.180.83,SJC,North America,San Jose,176 ms
104.19.80.245,SJC,North America,San Jose,176 ms
104.16.171.200,SJC,North America,San Jose,176 ms
104.18.182.3,SJC,North America,San Jose,177 ms
104.19.20.10,SJC,North America,San Jose,177 ms
104.19.26.112,SJC,North America,San Jose,177 ms
104.16.57.101,SJC,North America,San Jose,177 ms
104.18.176.78,SJC,North America,San Jose,177 ms
104.17.227.98,SJC,North America,San Jose,177 ms
104.16.215.242,SJC,North America,San Jose,177 ms
104.16.36.183,SJC,North America,San Jose,177 ms
104.16.251.95,SJC,North America,San Jose,177 ms
104.18.201.100,SJC,North America,San Jose,178 ms
104.18.128.45,SJC,North America,San Jose,178 ms
104.19.111.223,SJC,North America,San Jose,178 ms
104.17.223.218,SJC,North America,San Jose,178 ms
104.17.185.129,SJC,North America,San Jose,178 ms
104.17.132.227,SJC,North America,San Jose,178 ms
104.18.52.59,SJC,North America,San Jose,178 ms
104.19.41.74,SJC,North America,San Jose,178 ms
104.18.149.213,SJC,North America,San Jose,178 ms
104.19.126.11,SJC,North America,San Jose,178 ms
104.17.201.145,SJC,North America,San Jose,179 ms
104.19.13.251,SJC,North America,San Jose,179 ms
104.18.97.124,SJC,North America,San Jose,179 ms
104.18.223.65,SJC,North America,San Jose,179 ms
104.19.121.250,SJC,North America,San Jose,179 ms
104.19.112.216,SJC,North America,San Jose,179 ms
104.19.42.114,SJC,North America,San Jose,179 ms
104.19.239.200,SJC,North America,San Jose,179 ms
104.16.218.163,SJC,North America,San Jose,179 ms
104.18.10.234,SJC,North America,San Jose,179 ms
104.18.43.144,SJC,North America,San Jose,179 ms
104.17.225.78,SJC,North America,San Jose,179 ms
104.17.158.242,SJC,North America,San Jose,179 ms
104.19.70.24,SJC,North America,San Jose,179 ms
104.19.56.95,SJC,North America,San Jose,180 ms
104.19.97.153,SJC,North America,San Jose,180 ms
104.17.169.70,SJC,North America,San Jose,180 ms
104.19.122.160,SJC,North America,San Jose,180 ms
104.16.221.189,SJC,North America,San Jose,180 ms
104.17.36.19,SJC,North America,San Jose,180 ms
104.16.17.47,SJC,North America,San Jose,180 ms
104.17.85.71,SJC,North America,San Jose,180 ms
104.18.191.244,SJC,North America,San Jose,180 ms
104.17.211.54,SJC,North America,San Jose,180 ms
104.16.152.116,SJC,North America,San Jose,180 ms
104.18.200.74,SJC,North America,San Jose,180 ms
104.16.109.167,SJC,North America,San Jose,180 ms
104.18.105.80,SJC,North America,San Jose,180 ms
104.17.244.247,SJC,North America,San Jose,180 ms
104.18.116.254,LAX,North America,Los Angeles,180 ms
104.17.136.35,SJC,North America,San Jose,180 ms
104.17.50.53,SJC,North America,San Jose,180 ms
104.18.173.251,SJC,North America,San Jose,180 ms
104.18.193.134,SJC,North America,San Jose,180 ms
104.19.215.130,SJC,North America,San Jose,180 ms
104.18.111.150,SJC,North America,San Jose,180 ms
104.16.168.99,SJC,North America,San Jose,180 ms
104.18.88.68,SJC,North America,San Jose,180 ms
104.18.110.220,SJC,North America,San Jose,180 ms
104.18.73.55,SJC,North America,San Jose,180 ms
104.19.0.70,SJC,North America,San Jose,180 ms
104.16.210.49,SJC,North America,San Jose,180 ms
104.18.91.210,SJC,North America,San Jose,181 ms
104.16.250.115,SJC,North America,San Jose,181 ms
104.19.120.142,SJC,North America,San Jose,181 ms
104.16.197.249,SJC,North America,San Jose,181 ms
104.17.35.98,SJC,North America,San Jose,181 ms
104.18.99.196,SJC,North America,San Jose,181 ms
104.17.230.124,SJC,North America,San Jose,181 ms
104.17.88.207,SJC,North America,San Jose,181 ms
104.16.219.85,SJC,North America,San Jose,181 ms
104.18.179.166,SJC,North America,San Jose,181 ms
104.18.134.16,SJC,North America,San Jose,181 ms
104.17.41.123,SJC,North America,San Jose,181 ms
104.19.62.170,SJC,North America,San Jose,181 ms
104.18.138.145,SJC,North America,San Jose,181 ms
104.18.80.122,SJC,North America,San Jose,181 ms
104.17.250.242,SJC,North America,San Jose,181 ms
104.19.50.224,SJC,North America,San Jose,182 ms
104.16.30.32,SJC,North America,San Jose,182 ms
104.19.238.155,SJC,North America,San Jose,182 ms
104.18.240.231,SJC,North America,San Jose,182 ms
104.18.246.41,SJC,North America,San Jose,182 ms
104.16.143.250,SJC,North America,San Jose,182 ms
104.19.28.11,SJC,North America,San Jose,182 ms
104.18.12.154,SJC,North America,San Jose,182 ms
104.19.8.217,SJC,North America,San Jose,182 ms
104.21.94.126,AMS,Europe,Amsterdam,182 ms
104.16.188.124,SJC,North America,San Jose,182 ms
104.19.95.21,SJC,North America,San Jose,182 ms
104.18.90.97,SJC,North America,San Jose,182 ms
104.16.62.206,SJC,North America,San Jose,182 ms
104.17.134.159,SJC,North America,San Jose,182 ms
104.18.222.103,SJC,North America,San Jose,182 ms
104.16.170.170,SJC,North America,San Jose,182 ms
104.19.5.239,SJC,North America,San Jose,182 ms
104.21.66.162,AMS,Europe,Amsterdam,182 ms
104.18.207.7,SJC,North America,San Jose,183 ms
104.18.101.242,SJC,North America,San Jose,183 ms
104.18.217.0,SJC,North America,San Jose,183 ms
104.16.95.230,SJC,North America,San Jose,183 ms
104.18.94.7,SJC,North America,San Jose,183 ms
104.17.26.36,SJC,North America,San Jose,183 ms
104.18.225.238,SJC,North America,San Jose,183 ms
104.16.166.247,SJC,North America,San Jose,183 ms
104.19.39.68,SJC,North America,San Jose,183 ms
104.17.33.174,SJC,North America,San Jose,183 ms
104.18.77.181,SJC,North America,San Jose,183 ms
104.16.56.67,SJC,North America,San Jose,183 ms
104.16.49.90,SJC,North America,San Jose,183 ms
104.19.51.56,SJC,North America,San Jose,184 ms
104.19.136.118,LAX,North America,Los Angeles,184 ms
104.18.156.216,SJC,North America,San Jose,184 ms
104.18.205.80,SJC,North America,San Jose,184 ms
104.18.174.205,SJC,North America,San Jose,184 ms
104.18.106.238,SJC,North America,San Jose,184 ms
104.16.156.110,SJC,North America,San Jose,184 ms
104.16.146.113,SJC,North America,San Jose,184 ms
104.17.165.92,SJC,North America,San Jose,184 ms
104.19.2.217,SJC,North America,San Jose,184 ms
104.16.88.83,SJC,North America,San Jose,184 ms
104.21.78.234,AMS,Europe,Amsterdam,184 ms
104.18.169.120,SJC,North America,San Jose,184 ms
104.18.245.154,SJC,North America,San Jose,184 ms
104.18.96.206,SJC,North America,San Jose,184 ms
104.19.78.15,SJC,North America,San Jose,184 ms
104.18.237.222,SJC,North America,San Jose,184 ms
104.19.23.140,SJC,North America,San Jose,184 ms
104.16.26.201,SJC,North America,San Jose,184 ms
104.19.123.224,SJC,North America,San Jose,184 ms
104.16.110.12,SJC,North America,San Jose,184 ms
104.19.69.171,SJC,North America,San Jose,184 ms
104.19.165.39,SJC,North America,San Jose,185 ms
104.19.77.43,SJC,North America,San Jose,185 ms
104.18.64.79,SJC,North America,San Jose,185 ms
104.19.6.97,SJC,North America,San Jose,185 ms
104.19.212.132,SJC,North America,San Jose,185 ms
104.17.131.96,SJC,North America,San Jose,185 ms
104.17.64.138,SJC,North America,San Jose,185 ms
104.19.103.226,SJC,North America,San Jose,185 ms
104.17.178.14,SJC,North America,San Jose,185 ms
104.18.82.90,SJC,North America,San Jose,185 ms
104.19.233.69,SJC,North America,San Jose,185 ms
104.19.204.243,SJC,North America,San Jose,185 ms
104.16.172.31,SJC,North America,San Jose,185 ms
104.16.194.211,SJC,North America,San Jose,185 ms
104.16.195.55,SJC,North America,San Jose,185 ms
104.18.95.51,SJC,North America,San Jose,185 ms
104.17.157.162,SJC,North America,San Jose,185 ms
104.19.181.15,SJC,North America,San Jose,186 ms
104.19.75.93,SJC,North America,San Jose,186 ms
104.18.206.180,SJC,North America,San Jose,186 ms
104.16.64.176,SJC,North America,San Jose,186 ms
104.17.124.238,SJC,North America,San Jose,186 ms
104.19.38.228,SJC,North America,San Jose,186 ms
104.16.84.45,SJC,North America,San Jose,186 ms
104.18.158.131,SJC,North America,San Jose,186 ms
104.16.123.134,LAX,North America,Los Angeles,186 ms
104.19.22.71,SJC,North America,San Jose,186 ms
104.17.222.249,SJC,North America,San Jose,186 ms
104.16.248.100,SJC,North America,San Jose,186 ms
104.17.228.180,SJC,North America,San Jose,186 ms
104.16.60.130,SJC,North America,San Jose,186 ms
104.16.144.2,SJC,North America,San Jose,187 ms
104.16.47.0,SJC,North America,San Jose,187 ms
104.18.59.217,SJC,North America,San Jose,187 ms
104.19.54.191,SJC,North America,San Jose,187 ms
104.19.119.78,SJC,North America,San Jose,187 ms
104.16.120.150,LAX,North America,Los Angeles,187 ms
104.16.101.66,SJC,North America,San Jose,187 ms
104.16.100.205,SJC,North America,San Jose,187 ms
104.18.2.119,SJC,North America,San Jose,187 ms
104.18.142.234,SJC,North America,San Jose,187 ms
104.18.135.130,SJC,North America,San Jose,187 ms
104.19.192.95,SJC,North America,San Jose,187 ms
104.18.153.4,SJC,North America,San Jose,187 ms
104.18.198.198,SJC,North America,San Jose,187 ms
104.17.86.30,SJC,North America,San Jose,187 ms
104.19.99.199,SJC,North America,San Jose,187 ms
104.16.128.188,SJC,North America,San Jose,187 ms
104.19.14.22,SJC,North America,San Jose,187 ms
104.17.231.247,SJC,North America,San Jose,187 ms
104.19.58.18,SJC,North America,San Jose,188 ms
104.18.114.118,SJC,North America,San Jose,188 ms
104.21.125.179,AMS,Europe,Amsterdam,188 ms
104.16.245.2,SJC,North America,San Jose,188 ms
104.19.155.147,SJC,North America,San Jose,188 ms
104.19.252.171,SJC,North America,San Jose,188 ms
104.17.117.167,SJC,North America,San Jose,188 ms
104.17.51.166,SJC,North America,San Jose,188 ms
104.17.73.118,SJC,North America,San Jose,188 ms
104.18.72.187,SJC,North America,San Jose,188 ms
104.17.43.120,SJC,North America,San Jose,188 ms
104.19.108.139,SJC,North America,San Jose,188 ms
104.18.29.253,LAX,North America,Los Angeles,188 ms
104.19.47.232,SJC,North America,San Jose,188 ms
104.19.158.146,SJC,North America,San Jose,188 ms
104.18.184.141,SJC,North America,San Jose,188 ms
104.19.24.135,SJC,North America,San Jose,188 ms
104.18.164.240,SJC,North America,San Jose,188 ms
104.18.8.92,SJC,North America,San Jose,188 ms
104.16.96.64,SJC,North America,San Jose,188 ms
104.18.6.55,SJC,North America,San Jose,188 ms
104.16.149.47,SJC,North America,San Jose,188 ms
104.16.48.25,SJC,North America,San Jose,188 ms
104.17.55.68,SJC,North America,San Jose,189 ms
104.18.92.254,SJC,North America,San Jose,189 ms
104.18.47.247,SJC,North America,San Jose,189 ms
104.17.91.3,SJC,North America,San Jose,189 ms
104.19.177.225,SJC,North America,San Jose,189 ms
104.17.83.31,SJC,North America,San Jose,189 ms
104.16.108.21,SJC,North America,San Jose,189 ms
104.16.107.123,SJC,North America,San Jose,189 ms
104.19.15.32,SJC,North America,San Jose,189 ms
104.19.82.235,SJC,North America,San Jose,189 ms
104.18.136.79,SJC,North America,San Jose,189 ms
104.17.79.32,SJC,North America,San Jose,189 ms
104.18.79.215,SJC,North America,San Jose,189 ms
104.19.84.117,SJC,North America,San Jose,189 ms
104.17.149.152,SJC,North America,San Jose,190 ms
104.18.84.47,SJC,North America,San Jose,190 ms
104.19.156.205,SJC,North America,San Jose,190 ms
104.18.233.203,SJC,North America,San Jose,190 ms
104.19.67.57,SJC,North America,San Jose,190 ms
104.17.9.224,SJC,North America,San Jose,190 ms
104.17.119.29,SJC,North America,San Jose,190 ms
104.19.33.44,SJC,North America,San Jose,190 ms
104.19.34.120,SJC,North America,San Jose,190 ms
104.17.107.29,SJC,North America,San Jose,190 ms
104.19.196.54,SJC,North America,San Jose,190 ms
104.16.253.161,SJC,North America,San Jose,190 ms
104.17.115.50,SJC,North America,San Jose,190 ms
104.16.20.125,SJC,North America,San Jose,190 ms
104.17.112.207,SJC,North America,San Jose,190 ms
104.19.186.124,SJC,North America,San Jose,190 ms
104.16.92.44,SJC,North America,San Jose,190 ms
104.17.60.2,SJC,North America,San Jose,190 ms
104.19.43.126,SJC,North America,San Jose,190 ms
104.18.188.238,SJC,North America,San Jose,190 ms
104.17.195.125,SJC,North America,San Jose,190 ms
104.19.73.97,SJC,North America,San Jose,190 ms
104.16.161.218,SJC,North America,San Jose,190 ms
104.16.235.69,SJC,North America,San Jose,190 ms
104.18.236.149,SJC,North America,San Jose,190 ms
104.19.92.5,SJC,North America,San Jose,190 ms
104.17.22.96,SJC,North America,San Jose,190 ms
104.17.146.143,SJC,North America,San Jose,190 ms
104.16.43.221,SJC,North America,San Jose,191 ms
104.16.1.174,SJC,North America,San Jose,191 ms
104.21.202.190,AMS,Europe,Amsterdam,191 ms
104.19.144.16,SJC,North America,San Jose,191 ms
104.18.75.99,SJC,North America,San Jose,191 ms
104.16.32.219,SJC,North America,San Jose,191 ms
104.18.100.96,SJC,North America,San Jose,191 ms
104.18.220.226,SJC,North America,San Jose,191 ms
104.18.144.221,SJC,North America,San Jose,191 ms
104.18.7.14,SJC,North America,San Jose,191 ms
104.18.178.107,SJC,North America,San Jose,191 ms
104.18.57.252,SJC,North America,San Jose,191 ms
104.21.213.151,AMS,Europe,Amsterdam,191 ms
104.18.170.194,SJC,North America,San Jose,191 ms
104.18.148.128,SJC,North America,San Jose,191 ms
104.18.215.113,SJC,North America,San Jose,191 ms
104.16.38.129,SJC,North America,San Jose,191 ms
104.19.98.183,SJC,North America,San Jose,191 ms
104.18.208.219,SJC,North America,San Jose,191 ms
104.18.0.249,SJC,North America,San Jose,191 ms
104.19.146.0,SJC,North America,San Jose,192 ms
104.16.189.93,SJC,North America,San Jose,192 ms
104.19.216.184,SJC,North America,San Jose,192 ms
104.19.185.96,SJC,North America,San Jose,192 ms
104.19.63.177,SJC,North America,San Jose,192 ms
104.16.73.181,SJC,North America,San Jose,192 ms
104.16.72.155,SJC,North America,San Jose,192 ms
104.16.207.112,SJC,North America,San Jose,192 ms
104.18.87.36,SJC,North America,San Jose,192 ms
104.19.179.206,SJC,North America,San Jose,192 ms
104.19.4.214,SJC,North America,San Jose,192 ms
104.19.157.116,SJC,North America,San Jose,192 ms
104.17.243.240,SJC,North America,San Jose,192 ms
104.16.21.206,SJC,North America,San Jose,192 ms
104.16.5.64,SJC,North America,San Jose,192 ms
104.17.28.241,SJC,North America,San Jose,192 ms
104.18.27.110,LAX,North America,Los Angeles,192 ms
104.18.141.9,SJC,North America,San Jose,192 ms
104.19.37.44,SJC,North America,San Jose,192 ms
104.16.63.37,SJC,North America,San Jose,192 ms
104.16.70.116,SJC,North America,San Jose,192 ms
104.19.228.31,SJC,North America,San Jose,192 ms
104.19.53.187,SJC,North America,San Jose,192 ms
104.17.232.90,SJC,North America,San Jose,192 ms
104.18.234.180,SJC,North America,San Jose,192 ms
104.16.233.120,SJC,North America,San Jose,192 ms
104.17.215.243,SJC,North America,San Jose,192 ms
104.19.159.116,SJC,North America,San Jose,193 ms
104.19.222.211,SJC,North America,San Jose,193 ms
104.21.216.6,AMS,Europe,Amsterdam,193 ms
104.17.56.136,SJC,North America,San Jose,193 ms
104.19.188.120,SJC,North America,San Jose,193 ms
104.18.65.182,SJC,North America,San Jose,193 ms
104.17.183.1,SJC,North America,San Jose,193 ms
104.17.103.20,SJC,North America,San Jose,193 ms
104.16.19.221,SJC,North America,San Jose,193 ms
104.18.125.178,SJC,North America,San Jose,193 ms
104.17.48.131,SJC,North America,San Jose,193 ms
104.18.74.95,SJC,North America,San Jose,193 ms
104.18.209.126,SJC,North America,San Jose,194 ms
104.17.102.16,SJC,North America,San Jose,194 ms
104.19.110.77,SJC,North America,San Jose,194 ms
104.19.48.193,SJC,North America,San Jose,194 ms
104.17.66.49,SJC,North America,San Jose,194 ms
104.18.232.168,SJC,North America,San Jose,194 ms
104.18.86.149,SJC,North America,San Jose,194 ms
104.19.113.92,SJC,North America,San Jose,194 ms
104.19.254.205,LAX,North America,Los Angeles,194 ms
104.19.114.68,SJC,North America,San Jose,194 ms
104.19.57.143,SJC,North America,San Jose,194 ms
104.17.25.93,SJC,North America,San Jose,194 ms
104.18.242.66,SJC,North America,San Jose,194 ms
104.19.117.192,SJC,North America,San Jose,194 ms
104.18.151.227,SJC,North America,San Jose,194 ms
104.18.159.17,SJC,North America,San Jose,195 ms
104.19.83.214,SJC,North America,San Jose,195 ms
104.21.211.231,AMS,Europe,Amsterdam,195 ms
104.17.176.8,SJC,North America,San Jose,195 ms
104.19.163.207,SJC,North America,San Jose,195 ms
104.21.124.191,AMS,Europe,Amsterdam,195 ms
23.227.60.104,SJC,North America,San Jose,195 ms
23.227.38.76,SJC,North America,San Jose,195 ms
104.19.11.18,SJC,North America,San Jose,195 ms
104.19.60.78,SJC,North America,San Jose,195 ms
104.17.205.75,SJC,North America,San Jose,195 ms
104.18.194.13,SJC,North America,San Jose,195 ms
104.17.104.79,SJC,North America,San Jose,195 ms
104.18.186.172,SJC,North America,San Jose,195 ms
104.18.1.73,SJC,North America,San Jose,196 ms
104.16.94.243,SJC,North America,San Jose,196 ms
104.19.221.179,SJC,North America,San Jose,196 ms
104.17.246.179,SJC,North America,San Jose,196 ms
104.16.173.248,SJC,North America,San Jose,196 ms
104.16.164.188,SJC,North America,San Jose,196 ms
104.17.174.180,SJC,North America,San Jose,196 ms
104.17.151.32,SJC,North America,San Jose,196 ms
104.17.133.27,SJC,North America,San Jose,196 ms
104.19.195.232,SJC,North America,San Jose,196 ms
104.19.12.218,SJC,North America,San Jose,196 ms
104.16.175.169,SJC,North America,San Jose,196 ms
104.18.60.21,SJC,North America,San Jose,196 ms
104.17.59.58,SJC,North America,San Jose,196 ms
104.18.175.198,SJC,North America,San Jose,196 ms
104.18.165.229,SJC,North America,San Jose,196 ms
104.16.28.99,SJC,North America,San Jose,196 ms
104.17.65.142,SJC,North America,San Jose,196 ms
104.19.235.88,SJC,North America,San Jose,197 ms
104.17.182.70,SJC,North America,San Jose,197 ms
104.16.244.13,SJC,North America,San Jose,197 ms
104.17.170.77,SJC,North America,San Jose,197 ms
104.19.178.88,SJC,North America,San Jose,197 ms
104.18.216.157,SJC,North America,San Jose,197 ms
104.18.115.56,SJC,North America,San Jose,197 ms
104.16.76.189,SJC,North America,San Jose,197 ms
104.19.17.63,SJC,North America,San Jose,197 ms
104.17.63.137,SJC,North America,San Jose,197 ms
104.17.121.180,SJC,North America,San Jose,197 ms
104.16.51.81,SJC,North America,San Jose,197 ms
104.19.170.144,SJC,North America,San Jose,198 ms
104.17.203.146,SJC,North America,San Jose,198 ms
104.17.166.35,SJC,North America,San Jose,198 ms
104.21.85.69,AMS,Europe,Amsterdam,198 ms
104.17.52.193,SJC,North America,San Jose,198 ms
104.19.7.23,SJC,North America,San Jose,198 ms
104.18.226.233,SJC,North America,San Jose,198 ms
104.18.140.98,SJC,North America,San Jose,198 ms
104.16.151.70,SJC,North America,San Jose,198 ms
104.18.197.246,SJC,North America,San Jose,198 ms
104.18.113.206,SJC,North America,San Jose,198 ms
104.17.254.71,SJC,North America,San Jose,198 ms
104.17.14.155,SJC,North America,San Jose,198 ms
104.17.75.139,SJC,North America,San Jose,198 ms
104.19.85.17,SJC,North America,San Jose,198 ms
104.19.96.147,SJC,North America,San Jose,198 ms
104.19.105.231,SJC,North America,San Jose,198 ms
104.19.68.147,SJC,North America,San Jose,198 ms
104.17.78.22,SJC,North America,San Jose,199 ms
104.18.103.48,SJC,North America,San Jose,199 ms
104.19.226.222,SJC,North America,San Jose,199 ms
104.17.236.186,SJC,North America,San Jose,199 ms
104.17.181.16,SJC,North America,San Jose,199 ms
104.17.180.132,SJC,North America,San Jose,199 ms
104.18.66.201,SJC,North America,San Jose,199 ms
104.18.224.127,SJC,North America,San Jose,199 ms
104.17.4.108,SJC,North America,San Jose,199 ms
104.18.31.170,LAX,North America,Los Angeles,199 ms
104.16.176.217,SJC,North America,San Jose,199 ms
104.21.15.27,AMS,Europe,Amsterdam,199 ms
104.21.236.215,SEA,North America,Seattle,199 ms
104.16.116.227,LAX,North America,Los Angeles,199 ms
104.17.57.85,SJC,North America,San Jose,199 ms
104.16.154.218,SJC,North America,San Jose,200 ms
104.16.180.65,SJC,North America,San Jose,200 ms
104.19.169.160,SJC,North America,San Jose,200 ms
104.16.243.53,SJC,North America,San Jose,200 ms
104.19.19.184,SJC,North America,San Jose,200 ms
104.19.40.234,SJC,North America,San Jose,200 ms
104.16.227.74,SJC,North America,San Jose,200 ms
104.18.230.226,SJC,North America,San Jose,200 ms
104.19.172.101,SJC,North America,San Jose,200 ms
104.18.250.83,SJC,North America,San Jose,200 ms
104.16.178.69,SJC,North America,San Jose,200 ms
104.16.255.252,SJC,North America,San Jose,200 ms
104.18.24.242,LAX,North America,Los Angeles,200 ms
104.16.45.24,SJC,North America,San Jose,200 ms
104.19.149.205,SJC,North America,San Jose,200 ms
104.17.37.254,SJC,North America,San Jose,200 ms
104.18.117.225,LAX,North America,Los Angeles,200 ms
104.18.196.209,SJC,North America,San Jose,200 ms
104.18.167.166,SJC,North America,San Jose,201 ms
104.17.118.140,SJC,North America,San Jose,201 ms
104.18.83.154,SJC,North America,San Jose,201 ms
104.18.253.191,SJC,North America,San Jose,201 ms
104.16.80.211,SJC,North America,San Jose,201 ms
104.19.93.106,SJC,North America,San Jose,201 ms
104.19.9.144,SJC,North America,San Jose,201 ms
104.19.49.143,SJC,North America,San Jose,201 ms
104.19.127.33,SJC,North America,San Jose,201 ms
104.19.162.26,SJC,North America,San Jose,201 ms
104.16.29.28,SJC,North America,San Jose,201 ms
104.19.231.213,SJC,North America,San Jose,201 ms
104.18.185.4,SJC,North America,San Jose,201 ms
104.19.209.119,SJC,North America,San Jose,201 ms
104.19.81.187,SJC,North America,San Jose,201 ms
104.19.10.125,SJC,North America,San Jose,201 ms
104.16.234.229,SJC,North America,San Jose,201 ms
104.17.44.128,SJC,North America,San Jose,201 ms
104.18.123.198,LAX,North America,Los Angeles,202 ms
104.18.69.100,SJC,North America,San Jose,202 ms
104.18.161.57,SJC,North America,San Jose,202 ms
104.16.8.18,SJC,North America,San Jose,202 ms
104.16.4.211,SJC,North America,San Jose,202 ms
104.21.71.200,AMS,Europe,Amsterdam,202 ms
104.17.31.187,SJC,North America,San Jose,202 ms
104.17.110.74,SJC,North America,San Jose,202 ms
104.16.112.241,LAX,North America,Los Angeles,202 ms
104.16.246.87,SJC,North America,San Jose,202 ms
104.17.191.41,SJC,North America,San Jose,202 ms
104.16.169.58,SJC,North America,San Jose,202 ms
104.18.203.206,SJC,North America,San Jose,202 ms
104.21.220.193,AMS,Europe,Amsterdam,202 ms
104.16.46.26,SJC,North America,San Jose,202 ms
104.17.156.170,SJC,North America,San Jose,202 ms
104.18.219.56,SJC,North America,San Jose,202 ms
23.227.39.203,SJC,North America,San Jose,202 ms
104.18.85.141,SJC,North America,San Jose,203 ms
104.16.131.105,SJC,North America,San Jose,203 ms
104.21.92.141,AMS,Europe,Amsterdam,203 ms
104.18.177.133,SJC,North America,San Jose,203 ms
104.18.171.165,SJC,North America,San Jose,203 ms
104.19.55.166,SJC,North America,San Jose,203 ms
104.19.230.92,SJC,North America,San Jose,203 ms
104.18.229.58,SJC,North America,San Jose,203 ms
104.19.180.224,SJC,North America,San Jose,203 ms
104.18.244.145,SJC,North America,San Jose,203 ms
104.17.97.153,SJC,North America,San Jose,203 ms
104.19.198.247,SJC,North America,San Jose,203 ms
104.18.241.157,SJC,North America,San Jose,203 ms
104.16.113.177,LAX,North America,Los Angeles,203 ms
104.16.65.117,SJC,North America,San Jose,204 ms
104.18.146.0,SJC,North America,San Jose,204 ms
104.18.137.103,SJC,North America,San Jose,204 ms
104.17.239.108,SJC,North America,San Jose,204 ms
104.19.25.20,SJC,North America,San Jose,204 ms
104.16.106.169,SJC,North America,San Jose,204 ms
104.18.41.188,SJC,North America,San Jose,204 ms
104.17.162.120,SJC,North America,San Jose,204 ms
104.18.93.41,SJC,North America,San Jose,204 ms
104.18.20.163,LAX,North America,Los Angeles,204 ms
104.16.225.232,SJC,North America,San Jose,204 ms
104.19.118.214,SJC,North America,San Jose,204 ms
104.21.232.175,SEA,North America,Seattle,205 ms
104.16.82.57,SJC,North America,San Jose,205 ms
172.64.95.7,SEA,North America,Seattle,205 ms
104.21.114.37,AMS,Europe,Amsterdam,205 ms
104.16.71.176,SJC,North America,San Jose,205 ms
104.18.163.153,SJC,North America,San Jose,205 ms
104.19.72.213,SJC,North America,San Jose,205 ms
104.17.217.201,SJC,North America,San Jose,205 ms
104.16.119.31,LAX,North America,Los Angeles,205 ms
104.19.218.173,SJC,North America,San Jose,206 ms
104.17.90.138,SJC,North America,San Jose,206 ms
104.18.9.111,SJC,North America,San Jose,206 ms
104.18.17.65,LAX,North America,Los Angeles,206 ms
104.17.194.32,SJC,North America,San Jose,206 ms
104.18.4.221,SJC,North America,San Jose,206 ms
104.19.148.0,SJC,North America,San Jose,206 ms
104.18.162.44,SJC,North America,San Jose,206 ms
104.16.236.152,SJC,North America,San Jose,206 ms
104.17.204.193,SJC,North America,San Jose,206 ms
104.18.168.214,SJC,North America,San Jose,206 ms
104.18.218.23,SJC,North America,San Jose,207 ms
104.19.245.239,LAX,North America,Los Angeles,207 ms
104.18.40.236,SJC,North America,San Jose,207 ms
104.17.221.148,SJC,North America,San Jose,207 ms
104.21.61.25,AMS,Europe,Amsterdam,207 ms
104.18.147.238,SJC,North America,San Jose,207 ms
104.16.58.225,SJC,North America,San Jose,207 ms
104.19.210.184,SJC,North America,San Jose,207 ms
104.16.98.125,SJC,North America,San Jose,207 ms
104.16.126.94,LAX,North America,Los Angeles,207 ms
104.18.172.134,SJC,North America,San Jose,207 ms
104.16.117.233,LAX,North America,Los Angeles,207 ms
104.19.161.14,SJC,North America,San Jose,207 ms
104.19.211.242,SJC,North America,San Jose,207 ms
104.19.131.137,LAX,North America,Los Angeles,207 ms
104.19.94.178,SJC,North America,San Jose,208 ms
104.19.220.183,SJC,North America,San Jose,208 ms
104.16.111.183,SJC,North America,San Jose,208 ms
104.21.209.160,AMS,Europe,Amsterdam,208 ms
104.17.13.185,SJC,North America,San Jose,208 ms
104.19.164.74,SJC,North America,San Jose,208 ms
104.18.13.29,SJC,North America,San Jose,208 ms
104.17.141.94,SJC,North America,San Jose,208 ms
104.16.206.51,SJC,North America,San Jose,208 ms
104.19.205.57,SJC,North America,San Jose,208 ms
104.19.154.162,SJC,North America,San Jose,208 ms
104.21.194.194,AMS,Europe,Amsterdam,208 ms
104.19.65.92,SJC,North America,San Jose,208 ms
104.17.19.200,SJC,North America,San Jose,208 ms
104.18.143.17,SJC,North America,San Jose,208 ms
104.18.247.240,SJC,North America,San Jose,208 ms
104.21.116.134,AMS,Europe,Amsterdam,209 ms
104.16.226.197,SJC,North America,San Jose,209 ms
104.18.211.3,SJC,North America,San Jose,209 ms
104.19.150.171,SJC,North America,San Jose,209 ms
104.16.147.243,SJC,North America,San Jose,209 ms
104.18.121.24,LAX,North America,Los Angeles,209 ms
104.16.91.102,SJC,North America,San Jose,209 ms
104.17.10.163,SJC,North America,San Jose,209 ms
104.19.18.150,SJC,North America,San Jose,209 ms
104.18.37.205,SJC,North America,San Jose,209 ms
104.18.150.125,SJC,North America,San Jose,210 ms
104.16.198.136,SJC,North America,San Jose,210 ms
104.16.191.189,SJC,North America,San Jose,210 ms
104.17.164.83,SJC,North America,San Jose,210 ms
104.17.207.91,SJC,North America,San Jose,210 ms
104.19.243.91,LAX,North America,Los Angeles,210 ms
104.18.214.178,SJC,North America,San Jose,210 ms
104.21.234.62,DEN,North America,Denver,210 ms
104.18.28.58,LAX,North America,Los Angeles,210 ms
104.16.212.13,SJC,North America,San Jose,210 ms
104.16.33.22,SJC,North America,San Jose,211 ms
104.17.249.180,SJC,North America,San Jose,211 ms
104.19.90.151,SJC,North America,San Jose,211 ms
104.18.166.72,SJC,North America,San Jose,211 ms
104.17.237.33,SJC,North America,San Jose,211 ms
104.19.225.118,SJC,North America,San Jose,211 ms
172.64.93.182,SEA,North America,Seattle,211 ms
104.19.91.188,SJC,North America,San Jose,211 ms
104.18.68.186,SJC,North America,San Jose,211 ms
104.16.97.4,SJC,North America,San Jose,211 ms
104.18.76.190,SJC,North America,San Jose,211 ms
104.21.109.224,AMS,Europe,Amsterdam,212 ms
104.18.210.127,SJC,North America,San Jose,212 ms
104.19.253.136,LAX,North America,Los Angeles,212 ms
104.18.118.97,LAX,North America,Los Angeles,212 ms
104.17.8.77,SJC,North America,San Jose,212 ms
104.18.120.136,SJC,North America,San Jose,212 ms
104.19.129.247,LAX,North America,Los Angeles,212 ms
104.17.255.214,SJC,North America,San Jose,212 ms
104.17.106.98,SJC,North America,San Jose,212 ms
104.17.111.23,SJC,North America,San Jose,212 ms
104.16.199.62,SJC,North America,San Jose,212 ms
104.17.42.166,SJC,North America,San Jose,212 ms
104.16.89.74,SJC,North America,San Jose,212 ms
104.17.163.190,SJC,North America,San Jose,213 ms
104.19.247.250,LAX,North America,Los Angeles,213 ms
104.18.22.7,LAX,North America,Los Angeles,213 ms
104.16.181.76,SJC,North America,San Jose,213 ms
104.17.47.33,SJC,North America,San Jose,213 ms
104.16.40.246,SJC,North America,San Jose,213 ms
104.16.118.34,LAX,North America,Los Angeles,213 ms
104.16.81.95,SJC,North America,San Jose,213 ms
104.16.115.157,SJC,North America,San Jose,213 ms
104.19.16.46,SJC,North America,San Jose,214 ms
104.19.251.94,SJC,North America,San Jose,214 ms
104.18.132.164,SJC,North America,San Jose,214 ms
104.18.187.121,SJC,North America,San Jose,214 ms
104.16.216.217,SJC,North America,San Jose,214 ms
104.19.197.99,SJC,North America,San Jose,214 ms
104.18.98.14,SJC,North America,San Jose,214 ms
104.18.133.102,SJC,North America,San Jose,214 ms
104.18.145.186,SJC,North America,San Jose,214 ms
104.18.26.222,LAX,North America,Los Angeles,214 ms
104.19.64.223,SJC,North America,San Jose,214 ms
104.19.3.196,SJC,North America,San Jose,215 ms
104.18.25.176,LAX,North America,Los Angeles,215 ms
104.16.124.138,LAX,North America,Los Angeles,215 ms
104.17.30.222,SJC,North America,San Jose,215 ms
104.17.5.95,SJC,North America,San Jose,215 ms
104.17.160.76,SJC,North America,San Jose,215 ms
104.17.81.101,SJC,North America,San Jose,215 ms
104.18.127.38,LAX,North America,Los Angeles,215 ms
104.16.148.11,SJC,North America,San Jose,215 ms
172.64.94.76,SEA,North America,Seattle,215 ms
104.16.55.97,SJC,North America,San Jose,215 ms
104.17.143.124,SJC,North America,San Jose,215 ms
104.19.132.54,LAX,North America,Los Angeles,215 ms
104.16.179.77,SJC,North America,San Jose,216 ms
104.17.214.64,SJC,North America,San Jose,216 ms
104.17.95.84,SJC,North America,San Jose,216 ms
104.19.173.239,SJC,North America,San Jose,216 ms
104.17.46.65,SJC,North America,San Jose,216 ms
104.21.108.80,AMS,Europe,Amsterdam,216 ms
104.18.21.166,LAX,North America,Los Angeles,216 ms
104.16.192.60,SJC,North America,San Jose,216 ms
104.18.122.118,LAX,North America,Los Angeles,216 ms
104.16.157.68,SJC,North America,San Jose,216 ms
104.17.3.224,SJC,North America,San Jose,216 ms
104.16.31.116,SJC,North America,San Jose,216 ms
104.18.195.220,SJC,North America,San Jose,216 ms
104.17.17.165,SJC,North America,San Jose,217 ms
104.16.214.77,SJC,North America,San Jose,217 ms
104.21.82.231,AMS,Europe,Amsterdam,217 ms
104.18.112.132,LAX,North America,Los Angeles,217 ms
104.17.212.15,SJC,North America,San Jose,217 ms
104.17.27.79,SJC,North America,San Jose,217 ms
104.21.8.114,AMS,Europe,Amsterdam,217 ms
104.21.95.57,AMS,Europe,Amsterdam,218 ms
104.17.247.159,SJC,North America,San Jose,218 ms
104.16.41.50,SJC,North America,San Jose,218 ms
104.16.105.73,SJC,North America,San Jose,218 ms
104.19.255.219,LAX,North America,Los Angeles,218 ms
104.18.160.241,SJC,North America,San Jose,218 ms
104.17.58.118,SJC,North America,San Jose,218 ms
104.18.126.237,LAX,North America,Los Angeles,218 ms
104.17.67.95,SJC,North America,San Jose,218 ms
104.17.209.128,SJC,North America,San Jose,218 ms
104.17.218.120,SJC,North America,San Jose,219 ms
104.18.36.110,LAX,North America,Los Angeles,219 ms
104.17.177.62,SJC,North America,San Jose,219 ms
104.17.68.206,SJC,North America,San Jose,219 ms
104.21.98.172,AMS,Europe,Amsterdam,219 ms
104.19.140.124,LAX,North America,Los Angeles,219 ms
104.16.121.157,LAX,North America,Los Angeles,219 ms
104.18.38.204,SJC,North America,San Jose,219 ms
104.21.18.6,AMS,Europe,Amsterdam,219 ms
104.18.15.204,SJC,North America,San Jose,219 ms
104.21.204.40,AMS,Europe,Amsterdam,219 ms
172.64.92.224,SEA,North America,Seattle,220 ms
104.16.158.4,SJC,North America,San Jose,220 ms
104.19.45.110,SJC,North America,San Jose,220 ms
104.18.35.208,SJC,North America,San Jose,220 ms
104.19.128.69,LAX,North America,Los Angeles,220 ms
104.19.142.211,LAX,North America,Los Angeles,220 ms
104.17.40.145,SJC,North America,San Jose,220 ms
104.21.225.118,SEA,North America,Seattle,221 ms
104.21.107.29,AMS,Europe,Amsterdam,221 ms
104.17.229.227,SJC,North America,San Jose,221 ms
104.21.222.118,AMS,Europe,Amsterdam,221 ms
104.21.206.76,AMS,Europe,Amsterdam,221 ms
104.19.66.40,SJC,North America,San Jose,221 ms
104.17.49.233,SJC,North America,San Jose,221 ms
104.19.134.24,LAX,North America,Los Angeles,222 ms
104.17.70.167,SJC,North America,San Jose,222 ms
104.21.214.114,AMS,Europe,Amsterdam,222 ms
104.16.159.188,SJC,North America,San Jose,222 ms
104.21.33.190,AMS,Europe,Amsterdam,222 ms
104.18.190.15,SJC,North America,San Jose,222 ms
104.21.9.249,AMS,Europe,Amsterdam,222 ms
104.17.122.110,SJC,North America,San Jose,222 ms
104.17.32.69,SJC,North America,San Jose,223 ms
104.18.235.9,SJC,North America,San Jose,223 ms
104.16.99.206,SJC,North America,San Jose,223 ms
104.18.228.227,SJC,North America,San Jose,223 ms
104.19.232.6,SJC,North America,San Jose,223 ms
104.16.3.169,SJC,North America,San Jose,223 ms
104.21.28.108,AMS,Europe,Amsterdam,223 ms
104.19.153.198,SJC,North America,San Jose,223 ms
104.17.198.218,SJC,North America,San Jose,223 ms
104.22.14.250,IAD,North America,Ashburn,223 ms
104.17.84.161,SJC,North America,San Jose,224 ms
104.17.199.255,SJC,North America,San Jose,224 ms
104.17.108.145,SJC,North America,San Jose,224 ms
104.21.205.55,AMS,Europe,Amsterdam,224 ms
104.17.144.97,SJC,North America,San Jose,225 ms
104.21.77.161,AMS,Europe,Amsterdam,225 ms
104.21.196.103,AMS,Europe,Amsterdam,225 ms
104.21.45.196,AMS,Europe,Amsterdam,225 ms
104.20.79.252,IAD,North America,Ashburn,225 ms
104.18.19.217,LAX,North America,Los Angeles,225 ms
104.16.69.34,SJC,North America,San Jose,225 ms
104.17.120.187,SJC,North America,San Jose,226 ms
104.21.200.5,AMS,Europe,Amsterdam,226 ms
104.21.199.81,AMS,Europe,Amsterdam,226 ms
104.21.65.232,AMS,Europe,Amsterdam,226 ms
104.17.150.11,SJC,North America,San Jose,226 ms
104.21.221.225,AMS,Europe,Amsterdam,226 ms
104.17.12.163,SJC,North America,San Jose,226 ms
104.16.34.137,SJC,North America,San Jose,226 ms
104.20.164.96,IAD,North America,Ashburn,226 ms
104.16.122.227,LAX,North America,Los Angeles,227 ms
104.16.213.16,SJC,North America,San Jose,227 ms
104.16.202.88,SJC,North America,San Jose,227 ms
104.16.183.164,SJC,North America,San Jose,227 ms
104.18.81.214,SJC,North America,San Jose,227 ms
104.16.16.78,SJC,North America,San Jose,227 ms
172.64.91.117,SEA,North America,Seattle,227 ms
104.17.127.131,SJC,North America,San Jose,227 ms
104.21.104.142,AMS,Europe,Amsterdam,227 ms
104.21.7.49,AMS,Europe,Amsterdam,228 ms
104.17.234.194,SJC,North America,San Jose,228 ms
104.20.201.160,IAD,North America,Ashburn,228 ms
104.21.198.194,AMS,Europe,Amsterdam,228 ms
104.19.182.53,SJC,North America,San Jose,228 ms
104.19.246.91,LAX,North America,Los Angeles,228 ms
104.21.228.122,SEA,North America,Seattle,228 ms
104.19.249.143,LAX,North America,Los Angeles,228 ms
104.19.151.153,SJC,North America,San Jose,228 ms
104.21.46.246,AMS,Europe,Amsterdam,228 ms
104.16.13.175,SJC,North America,San Jose,228 ms
104.17.241.117,SJC,North America,San Jose,228 ms
104.21.229.225,DEN,North America,Denver,229 ms
104.16.252.92,SJC,North America,San Jose,229 ms
104.18.45.6,SJC,North America,San Jose,229 ms
104.21.30.92,AMS,Europe,Amsterdam,229 ms
104.16.114.25,LAX,North America,Los Angeles,230 ms
104.16.242.108,SJC,North America,San Jose,230 ms
104.24.135.211,IAD,North America,Ashburn,230 ms
104.19.244.194,LAX,North America,Los Angeles,230 ms
104.21.42.97,AMS,Europe,Amsterdam,230 ms
104.21.5.11,AMS,Europe,Amsterdam,231 ms
104.16.53.32,SJC,North America,San Jose,231 ms
104.16.238.21,SJC,North America,San Jose,231 ms
104.17.53.74,SJC,North America,San Jose,231 ms
104.19.248.55,LAX,North America,Los Angeles,231 ms
104.21.120.156,AMS,Europe,Amsterdam,231 ms
104.17.69.91,SJC,North America,San Jose,231 ms
104.21.239.112,SEA,North America,Seattle,231 ms
104.16.61.84,SJC,North America,San Jose,231 ms
104.16.66.215,SJC,North America,San Jose,231 ms
104.20.27.193,IAD,North America,Ashburn,231 ms
104.16.228.236,SJC,North America,San Jose,231 ms
104.16.44.102,SJC,North America,San Jose,232 ms
104.17.226.141,SJC,North America,San Jose,232 ms
104.19.240.192,LAX,North America,Los Angeles,232 ms
104.22.16.111,IAD,North America,Ashburn,232 ms
104.16.160.180,SJC,North America,San Jose,232 ms
104.17.92.195,SJC,North America,San Jose,232 ms
104.21.101.62,AMS,Europe,Amsterdam,232 ms
104.21.54.85,AMS,Europe,Amsterdam,232 ms
104.17.116.229,SJC,North America,San Jose,232 ms
104.20.160.39,IAD,North America,Ashburn,233 ms
104.17.82.240,SJC,North America,San Jose,233 ms
104.21.119.168,AMS,Europe,Amsterdam,233 ms
104.20.81.231,IAD,North America,Ashburn,233 ms
104.20.4.245,IAD,North America,Ashburn,234 ms
104.21.21.249,AMS,Europe,Amsterdam,234 ms
104.19.152.216,SJC,North America,San Jose,234 ms
104.21.97.0,AMS,Europe,Amsterdam,234 ms
104.21.102.94,AMS,Europe,Amsterdam,234 ms
104.17.130.155,SJC,North America,San Jose,234 ms
104.20.134.75,IAD,North America,Ashburn,234 ms
104.20.19.94,IAD,North America,Ashburn,234 ms
104.21.20.121,AMS,Europe,Amsterdam,234 ms
104.20.239.177,IAD,North America,Ashburn,234 ms
104.21.2.168,AMS,Europe,Amsterdam,234 ms
104.18.251.49,SJC,North America,San Jose,234 ms
104.20.144.255,IAD,North America,Ashburn,235 ms
104.20.158.250,IAD,North America,Ashburn,235 ms
104.20.248.218,IAD,North America,Ashburn,235 ms
104.20.197.35,IAD,North America,Ashburn,235 ms
104.21.217.8,AMS,Europe,Amsterdam,235 ms
104.17.89.12,SJC,North America,San Jose,235 ms
104.16.75.33,SJC,North America,San Jose,235 ms
104.20.138.139,IAD,North America,Ashburn,235 ms
104.21.193.1,AMS,Europe,Amsterdam,235 ms
104.20.236.244,IAD,North America,Ashburn,235 ms
104.20.22.240,IAD,North America,Ashburn,236 ms
104.19.237.67,SJC,North America,San Jose,236 ms
104.21.62.208,AMS,Europe,Amsterdam,236 ms
104.21.39.59,AMS,Europe,Amsterdam,236 ms
104.21.32.109,AMS,Europe,Amsterdam,236 ms
104.21.10.52,AMS,Europe,Amsterdam,236 ms
104.22.55.218,IAD,North America,Ashburn,236 ms
104.16.224.55,SJC,North America,San Jose,236 ms
104.21.83.132,AMS,Europe,Amsterdam,236 ms
104.21.1.236,AMS,Europe,Amsterdam,236 ms
104.17.34.115,SJC,North America,San Jose,236 ms
104.22.23.71,IAD,North America,Ashburn,237 ms
104.19.241.14,LAX,North America,Los Angeles,237 ms
104.19.208.70,SJC,North America,San Jose,237 ms
104.21.212.121,AMS,Europe,Amsterdam,237 ms
104.20.143.162,IAD,North America,Ashburn,237 ms
104.21.70.169,AMS,Europe,Amsterdam,237 ms
104.16.222.76,SJC,North America,San Jose,237 ms
104.21.31.172,AMS,Europe,Amsterdam,237 ms
104.16.90.89,SJC,North America,San Jose,237 ms
104.20.157.235,IAD,North America,Ashburn,237 ms
104.20.112.86,IAD,North America,Ashburn,237 ms
104.21.64.146,AMS,Europe,Amsterdam,237 ms
104.19.160.160,SJC,North America,San Jose,237 ms
104.22.3.175,IAD,North America,Ashburn,238 ms
104.17.161.251,SJC,North America,San Jose,238 ms
104.21.35.228,AMS,Europe,Amsterdam,238 ms
104.21.50.82,AMS,Europe,Amsterdam,238 ms
104.20.159.35,IAD,North America,Ashburn,238 ms
104.22.20.187,IAD,North America,Ashburn,238 ms
104.22.48.35,IAD,North America,Ashburn,238 ms
104.21.207.251,AMS,Europe,Amsterdam,238 ms
104.16.22.99,SJC,North America,San Jose,238 ms
104.21.87.241,AMS,Europe,Amsterdam,239 ms
104.20.120.147,IAD,North America,Ashburn,239 ms
104.22.77.237,IAD,North America,Ashburn,239 ms
104.16.12.15,SJC,North America,San Jose,239 ms
104.21.16.96,AMS,Europe,Amsterdam,239 ms
104.21.73.194,AMS,Europe,Amsterdam,239 ms
104.16.93.240,SJC,North America,San Jose,239 ms
104.22.12.75,IAD,North America,Ashburn,239 ms
104.20.46.232,IAD,North America,Ashburn,239 ms
104.20.21.29,IAD,North America,Ashburn,239 ms
104.17.171.253,SJC,North America,San Jose,239 ms
104.20.196.192,IAD,North America,Ashburn,239 ms
104.17.155.10,SJC,North America,San Jose,239 ms
104.20.114.114,IAD,North America,Ashburn,240 ms
104.20.85.71,IAD,North America,Ashburn,240 ms
104.22.9.106,IAD,North America,Ashburn,240 ms
104.18.212.103,SJC,North America,San Jose,240 ms
104.21.11.93,AMS,Europe,Amsterdam,240 ms
104.16.208.38,SJC,North America,San Jose,240 ms
104.20.148.6,IAD,North America,Ashburn,240 ms
104.16.137.181,SJC,North America,San Jose,240 ms
104.20.47.163,IAD,North America,Ashburn,240 ms
104.21.25.226,AMS,Europe,Amsterdam,240 ms
104.16.7.251,SJC,North America,San Jose,240 ms
104.16.230.111,SJC,North America,San Jose,240 ms
104.24.136.240,IAD,North America,Ashburn,241 ms
104.22.28.44,IAD,North America,Ashburn,241 ms
104.16.59.183,SJC,North America,San Jose,241 ms
104.17.167.67,SJC,North America,San Jose,241 ms
104.16.125.80,SJC,North America,San Jose,242 ms
104.22.65.216,IAD,North America,Ashburn,242 ms
104.20.106.221,IAD,North America,Ashburn,242 ms
104.20.232.233,IAD,North America,Ashburn,242 ms
104.18.221.31,SJC,North America,San Jose,242 ms
104.20.202.250,IAD,North America,Ashburn,243 ms
104.21.86.77,AMS,Europe,Amsterdam,243 ms
104.20.58.21,IAD,North America,Ashburn,243 ms
104.20.89.200,IAD,North America,Ashburn,243 ms
104.21.203.254,AMS,Europe,Amsterdam,243 ms
104.16.0.28,SJC,North America,San Jose,243 ms
104.22.27.173,IAD,North America,Ashburn,244 ms
104.18.249.53,SJC,North America,San Jose,244 ms
104.22.66.226,IAD,North America,Ashburn,244 ms
104.17.1.188,SJC,North America,San Jose,244 ms
104.23.117.101,IAD,North America,Ashburn,244 ms
104.20.251.92,IAD,North America,Ashburn,244 ms
104.20.250.112,IAD,North America,Ashburn,244 ms
172.64.89.238,SEA,North America,Seattle,244 ms
104.21.36.84,AMS,Europe,Amsterdam,244 ms
104.20.18.19,IAD,North America,Ashburn,244 ms
104.17.129.175,SJC,North America,San Jose,244 ms
104.20.230.224,IAD,North America,Ashburn,244 ms
104.18.34.43,SJC,North America,San Jose,244 ms
104.20.7.213,IAD,North America,Ashburn,244 ms
104.17.145.127,SJC,North America,San Jose,245 ms
104.20.76.250,IAD,North America,Ashburn,245 ms
104.16.205.133,SJC,North America,San Jose,245 ms
104.20.54.31,IAD,North America,Ashburn,245 ms
104.20.199.11,IAD,North America,Ashburn,245 ms
104.20.102.32,IAD,North America,Ashburn,245 ms
104.20.170.42,IAD,North America,Ashburn,245 ms
104.20.53.18,IAD,North America,Ashburn,246 ms
104.20.247.106,IAD,North America,Ashburn,246 ms
104.20.215.128,IAD,North America,Ashburn,246 ms
104.20.71.26,IAD,North America,Ashburn,246 ms
104.16.74.97,SJC,North America,San Jose,246 ms
104.20.30.36,IAD,North America,Ashburn,246 ms
104.18.202.252,SJC,North America,San Jose,246 ms
104.20.51.136,IAD,North America,Ashburn,246 ms
104.20.217.72,IAD,North America,Ashburn,246 ms
104.20.32.1,IAD,North America,Ashburn,246 ms
104.16.2.32,SJC,North America,San Jose,246 ms
104.20.72.247,IAD,North America,Ashburn,246 ms
104.22.18.186,IAD,North America,Ashburn,247 ms
104.16.141.202,SJC,North America,San Jose,247 ms
104.22.2.134,IAD,North America,Ashburn,247 ms
104.20.161.217,IAD,North America,Ashburn,247 ms
104.21.117.191,AMS,Europe,Amsterdam,248 ms
104.22.58.127,IAD,North America,Ashburn,248 ms
104.20.115.90,IAD,North America,Ashburn,248 ms
104.20.163.186,IAD,North America,Ashburn,248 ms
104.20.45.143,IAD,North America,Ashburn,248 ms
104.19.201.240,SJC,North America,San Jose,248 ms
104.20.252.104,IAD,North America,Ashburn,248 ms
104.20.150.35,IAD,North America,Ashburn,248 ms
104.20.240.255,IAD,North America,Ashburn,248 ms
104.20.52.212,IAD,North America,Ashburn,248 ms
104.21.38.34,AMS,Europe,Amsterdam,248 ms
104.20.104.180,IAD,North America,Ashburn,248 ms
104.22.57.45,IAD,North America,Ashburn,249 ms
104.22.49.38,IAD,North America,Ashburn,249 ms
104.20.84.220,IAD,North America,Ashburn,249 ms
104.21.89.74,AMS,Europe,Amsterdam,249 ms
104.20.153.58,IAD,North America,Ashburn,249 ms
104.16.103.181,SJC,North America,San Jose,249 ms
104.20.20.213,IAD,North America,Ashburn,249 ms
104.17.154.231,SJC,North America,San Jose,249 ms
104.22.37.112,IAD,North America,Ashburn,249 ms
104.20.185.186,IAD,North America,Ashburn,249 ms
104.20.221.225,IAD,North America,Ashburn,249 ms
104.16.37.113,SJC,North America,San Jose,249 ms
104.24.134.100,IAD,North America,Ashburn,250 ms
104.22.13.152,IAD,North America,Ashburn,250 ms
104.20.149.173,IAD,North America,Ashburn,250 ms
104.22.68.44,IAD,North America,Ashburn,250 ms
104.20.146.158,IAD,North America,Ashburn,250 ms
104.19.224.182,SJC,North America,San Jose,250 ms
104.20.141.93,IAD,North America,Ashburn,250 ms
104.22.76.205,IAD,North America,Ashburn,250 ms
104.17.101.144,SJC,North America,San Jose,250 ms
104.20.184.80,IAD,North America,Ashburn,250 ms
104.20.249.82,IAD,North America,Ashburn,250 ms
104.22.35.60,IAD,North America,Ashburn,250 ms
104.17.159.239,SJC,North America,San Jose,251 ms
104.20.137.184,IAD,North America,Ashburn,251 ms
104.22.29.170,IAD,North America,Ashburn,251 ms
104.20.231.99,IAD,North America,Ashburn,251 ms
104.20.33.79,IAD,North America,Ashburn,251 ms
104.20.1.96,IAD,North America,Ashburn,251 ms
104.18.231.150,SJC,North America,San Jose,251 ms
104.20.173.119,IAD,North America,Ashburn,251 ms
104.16.239.54,SJC,North America,San Jose,251 ms
104.16.132.84,SJC,North America,San Jose,251 ms
104.17.72.122,SJC,North America,San Jose,251 ms
1.0.0.81,SJC,North America,San Jose,251 ms
104.17.202.173,SJC,North America,San Jose,252 ms
104.22.30.240,IAD,North America,Ashburn,252 ms
104.22.54.30,IAD,North America,Ashburn,252 ms
104.20.192.92,IAD,North America,Ashburn,252 ms
104.20.190.34,IAD,North America,Ashburn,252 ms
104.22.8.11,IAD,North America,Ashburn,252 ms
104.20.238.196,IAD,North America,Ashburn,252 ms
104.20.116.109,IAD,North America,Ashburn,252 ms
104.20.237.162,IAD,North America,Ashburn,252 ms
104.20.37.228,IAD,North America,Ashburn,252 ms
104.20.253.26,IAD,North America,Ashburn,253 ms
104.20.200.104,IAD,North America,Ashburn,253 ms
104.20.121.228,IAD,North America,Ashburn,253 ms
104.20.189.108,IAD,North America,Ashburn,253 ms
104.20.129.4,IAD,North America,Ashburn,253 ms
104.22.78.226,IAD,North America,Ashburn,253 ms
104.20.83.31,IAD,North America,Ashburn,253 ms
104.20.205.84,IAD,North America,Ashburn,253 ms
104.20.105.11,IAD,North America,Ashburn,253 ms
104.17.18.142,SJC,North America,San Jose,253 ms
104.16.52.83,SJC,North America,San Jose,253 ms
104.25.88.89,EWR,North America,Newark,253 ms
104.20.140.231,IAD,North America,Ashburn,253 ms
104.20.167.103,IAD,North America,Ashburn,253 ms
104.22.10.18,IAD,North America,Ashburn,253 ms
104.22.40.91,IAD,North America,Ashburn,253 ms
104.20.222.95,IAD,North America,Ashburn,254 ms
104.25.105.129,EWR,North America,Newark,254 ms
104.17.15.35,SJC,North America,San Jose,254 ms
104.20.90.66,IAD,North America,Ashburn,254 ms
104.20.69.92,IAD,North America,Ashburn,254 ms
104.20.122.86,IAD,North America,Ashburn,254 ms
104.20.165.225,IAD,North America,Ashburn,254 ms
104.16.23.209,SJC,North America,San Jose,254 ms
104.22.17.91,IAD,North America,Ashburn,254 ms
104.22.51.182,IAD,North America,Ashburn,254 ms
104.22.56.244,IAD,North America,Ashburn,254 ms
104.21.60.81,AMS,Europe,Amsterdam,254 ms
104.20.99.200,IAD,North America,Ashburn,255 ms
104.22.19.137,IAD,North America,Ashburn,255 ms
104.20.243.95,IAD,North America,Ashburn,255 ms
104.17.148.113,SJC,North America,San Jose,255 ms
104.22.22.35,IAD,North America,Ashburn,255 ms
104.16.87.166,SJC,North America,San Jose,255 ms
104.18.32.94,SJC,North America,San Jose,255 ms
104.20.82.77,IAD,North America,Ashburn,256 ms
104.20.145.146,IAD,North America,Ashburn,256 ms
104.20.224.56,IAD,North America,Ashburn,256 ms
104.20.172.73,IAD,North America,Ashburn,256 ms
104.22.15.204,IAD,North America,Ashburn,256 ms
104.22.50.177,IAD,North America,Ashburn,256 ms
104.22.39.254,IAD,North America,Ashburn,256 ms
104.20.97.108,IAD,North America,Ashburn,256 ms
104.22.32.36,IAD,North America,Ashburn,256 ms
104.22.33.22,IAD,North America,Ashburn,256 ms
104.20.246.234,IAD,North America,Ashburn,256 ms
104.22.70.211,IAD,North America,Ashburn,256 ms
104.20.133.14,IAD,North America,Ashburn,256 ms
104.20.38.189,IAD,North America,Ashburn,256 ms
104.20.194.166,IAD,North America,Ashburn,256 ms
104.22.63.173,IAD,North America,Ashburn,256 ms
104.21.219.222,AMS,Europe,Amsterdam,256 ms
104.20.127.171,IAD,North America,Ashburn,257 ms
104.22.11.213,IAD,North America,Ashburn,257 ms
104.20.68.28,IAD,North America,Ashburn,257 ms
104.16.229.236,SJC,North America,San Jose,257 ms
104.22.36.18,IAD,North America,Ashburn,257 ms
104.22.60.18,IAD,North America,Ashburn,257 ms
104.20.88.209,IAD,North America,Ashburn,257 ms
104.19.202.33,SJC,North America,San Jose,257 ms
104.21.6.149,AMS,Europe,Amsterdam,258 ms
104.20.60.18,IAD,North America,Ashburn,258 ms
104.20.208.70,IAD,North America,Ashburn,258 ms
104.16.209.23,SJC,North America,San Jose,258 ms
104.17.184.186,SJC,North America,San Jose,258 ms
104.20.139.217,IAD,North America,Ashburn,258 ms
104.16.232.166,SJC,North America,San Jose,258 ms
104.24.133.33,IAD,North America,Ashburn,258 ms
104.20.86.74,IAD,North America,Ashburn,258 ms
104.20.70.179,IAD,North America,Ashburn,259 ms
104.21.17.98,AMS,Europe,Amsterdam,259 ms
104.20.216.107,IAD,North America,Ashburn,259 ms
104.22.44.91,IAD,North America,Ashburn,259 ms
104.18.5.162,SJC,North America,San Jose,259 ms
104.20.0.247,IAD,North America,Ashburn,259 ms
104.20.123.141,IAD,North America,Ashburn,259 ms
104.20.177.251,IAD,North America,Ashburn,259 ms
104.20.180.93,IAD,North America,Ashburn,259 ms
104.20.171.97,IAD,North America,Ashburn,259 ms
104.20.218.182,IAD,North America,Ashburn,259 ms
104.21.67.71,AMS,Europe,Amsterdam,259 ms
104.21.123.232,AMS,Europe,Amsterdam,259 ms
104.20.162.213,IAD,North America,Ashburn,260 ms
104.21.47.255,AMS,Europe,Amsterdam,260 ms
104.25.11.81,IAD,North America,Ashburn,260 ms
104.22.7.68,IAD,North America,Ashburn,260 ms
104.22.4.135,IAD,North America,Ashburn,260 ms
104.21.58.110,AMS,Europe,Amsterdam,260 ms
104.22.38.75,IAD,North America,Ashburn,260 ms
104.20.48.254,IAD,North America,Ashburn,260 ms
104.20.92.201,IAD,North America,Ashburn,260 ms
104.20.12.90,IAD,North America,Ashburn,260 ms
104.21.4.65,AMS,Europe,Amsterdam,260 ms
104.20.228.89,IAD,North America,Ashburn,260 ms
104.22.69.54,IAD,North America,Ashburn,260 ms
104.20.80.38,IAD,North America,Ashburn,260 ms
104.20.14.51,IAD,North America,Ashburn,261 ms
104.20.174.75,IAD,North America,Ashburn,261 ms
104.21.105.79,AMS,Europe,Amsterdam,261 ms
104.21.223.170,AMS,Europe,Amsterdam,261 ms
104.20.203.47,IAD,North America,Ashburn,261 ms
104.20.39.99,IAD,North America,Ashburn,261 ms
104.22.25.239,IAD,North America,Ashburn,261 ms
104.22.26.127,IAD,North America,Ashburn,261 ms
104.16.127.27,SJC,North America,San Jose,261 ms
104.20.175.12,IAD,North America,Ashburn,261 ms
104.21.122.113,AMS,Europe,Amsterdam,261 ms
104.16.68.10,SJC,North America,San Jose,261 ms
104.20.34.189,IAD,North America,Ashburn,262 ms
104.20.191.254,IAD,North America,Ashburn,262 ms
104.25.200.84,IAD,North America,Ashburn,262 ms
104.21.88.80,AMS,Europe,Amsterdam,262 ms
104.22.79.145,IAD,North America,Ashburn,262 ms
104.17.252.18,SJC,North America,San Jose,262 ms
104.20.64.54,IAD,North America,Ashburn,262 ms
104.21.233.252,DFW,North America,Dallas,262 ms
104.20.5.181,IAD,North America,Ashburn,262 ms
104.20.2.92,IAD,North America,Ashburn,262 ms
104.20.119.52,IAD,North America,Ashburn,263 ms
104.20.74.253,IAD,North America,Ashburn,263 ms
104.16.134.42,SJC,North America,San Jose,263 ms
104.21.69.183,AMS,Europe,Amsterdam,263 ms
104.20.226.45,IAD,North America,Ashburn,263 ms
104.20.155.166,IAD,North America,Ashburn,263 ms
104.20.93.11,IAD,North America,Ashburn,263 ms
104.20.91.85,IAD,North America,Ashburn,263 ms
104.22.6.147,IAD,North America,Ashburn,264 ms
104.27.98.15,EWR,North America,Newark,264 ms
104.20.211.179,IAD,North America,Ashburn,264 ms
104.21.55.90,AMS,Europe,Amsterdam,264 ms
104.21.201.163,AMS,Europe,Amsterdam,264 ms
104.22.31.173,IAD,North America,Ashburn,264 ms
104.20.117.0,IAD,North America,Ashburn,264 ms
104.20.152.240,IAD,North America,Ashburn,264 ms
104.21.56.100,AMS,Europe,Amsterdam,264 ms
104.22.41.251,IAD,North America,Ashburn,264 ms
104.21.215.206,AMS,Europe,Amsterdam,264 ms
104.20.36.75,IAD,North America,Ashburn,264 ms
104.22.64.118,IAD,North America,Ashburn,264 ms
104.20.209.213,IAD,North America,Ashburn,264 ms
104.20.23.28,IAD,North America,Ashburn,264 ms
104.22.5.18,IAD,North America,Ashburn,264 ms
104.20.101.172,IAD,North America,Ashburn,265 ms
104.22.62.9,IAD,North America,Ashburn,265 ms
104.22.46.72,IAD,North America,Ashburn,265 ms
104.20.31.122,IAD,North America,Ashburn,265 ms
104.22.52.66,IAD,North America,Ashburn,265 ms
104.20.227.93,IAD,North America,Ashburn,265 ms
104.22.45.137,IAD,North America,Ashburn,265 ms
104.20.128.137,IAD,North America,Ashburn,266 ms
104.20.26.163,IAD,North America,Ashburn,266 ms
104.21.23.107,AMS,Europe,Amsterdam,266 ms
104.20.40.30,IAD,North America,Ashburn,266 ms
104.21.106.218,AMS,Europe,Amsterdam,266 ms
104.22.1.26,IAD,North America,Ashburn,266 ms
104.22.34.75,IAD,North America,Ashburn,266 ms
104.17.93.211,SJC,North America,San Jose,266 ms
104.21.81.120,AMS,Europe,Amsterdam,267 ms
104.21.111.48,AMS,Europe,Amsterdam,267 ms
104.19.168.89,SJC,North America,San Jose,267 ms
104.21.80.54,AMS,Europe,Amsterdam,267 ms
104.20.206.101,IAD,North America,Ashburn,267 ms
104.21.93.216,AMS,Europe,Amsterdam,267 ms
104.25.112.193,IAD,North America,Ashburn,267 ms
104.18.248.62,SJC,North America,San Jose,267 ms
104.21.197.159,AMS,Europe,Amsterdam,267 ms
104.18.39.139,SJC,North America,San Jose,267 ms
104.17.87.79,SJC,North America,San Jose,267 ms
104.21.195.162,AMS,Europe,Amsterdam,267 ms
104.20.154.9,IAD,North America,Ashburn,268 ms
104.22.74.143,IAD,North America,Ashburn,268 ms
104.21.22.44,AMS,Europe,Amsterdam,268 ms
104.20.188.233,IAD,North America,Ashburn,268 ms
104.20.225.129,IAD,North America,Ashburn,268 ms
104.20.35.39,IAD,North America,Ashburn,268 ms
104.20.195.184,IAD,North America,Ashburn,268 ms
104.22.53.104,IAD,North America,Ashburn,268 ms
104.21.75.171,AMS,Europe,Amsterdam,268 ms
104.20.61.238,IAD,North America,Ashburn,268 ms
104.21.43.95,AMS,Europe,Amsterdam,269 ms
104.17.24.11,SJC,North America,San Jose,269 ms
104.20.254.85,IAD,North America,Ashburn,269 ms
104.20.142.137,IAD,North America,Ashburn,269 ms
104.20.59.141,IAD,North America,Ashburn,269 ms
104.20.42.166,IAD,North America,Ashburn,269 ms
104.21.90.82,AMS,Europe,Amsterdam,269 ms
104.20.244.56,IAD,North America,Ashburn,269 ms
104.25.13.135,IAD,North America,Ashburn,269 ms
104.20.132.158,IAD,North America,Ashburn,270 ms
104.16.140.144,SJC,North America,San Jose,270 ms
104.20.124.1,IAD,North America,Ashburn,270 ms
104.21.74.108,AMS,Europe,Amsterdam,270 ms
104.21.59.137,AMS,Europe,Amsterdam,270 ms
104.20.9.139,IAD,North America,Ashburn,270 ms
104.20.77.12,IAD,North America,Ashburn,270 ms
104.16.201.161,SJC,North America,San Jose,270 ms
104.22.24.145,IAD,North America,Ashburn,270 ms
104.17.233.81,SJC,North America,San Jose,270 ms
104.20.109.70,IAD,North America,Ashburn,270 ms
104.20.204.213,IAD,North America,Ashburn,270 ms
104.20.181.223,IAD,North America,Ashburn,271 ms
104.20.193.133,IAD,North America,Ashburn,271 ms
104.21.91.176,AMS,Europe,Amsterdam,271 ms
104.21.68.194,AMS,Europe,Amsterdam,271 ms
104.20.179.73,IAD,North America,Ashburn,271 ms
104.16.129.36,SJC,North America,San Jose,271 ms
104.20.125.77,IAD,North America,Ashburn,271 ms
104.21.84.46,AMS,Europe,Amsterdam,271 ms
104.20.151.147,IAD,North America,Ashburn,271 ms
104.16.18.35,SJC,North America,San Jose,271 ms
104.21.76.107,AMS,Europe,Amsterdam,272 ms
104.21.0.2,AMS,Europe,Amsterdam,272 ms
104.21.224.203,DFW,North America,Dallas,272 ms
104.20.135.194,IAD,North America,Ashburn,272 ms
104.20.166.128,IAD,North America,Ashburn,272 ms
104.22.73.232,IAD,North America,Ashburn,272 ms
104.20.178.169,IAD,North America,Ashburn,272 ms
104.21.103.35,AMS,Europe,Amsterdam,273 ms
104.20.219.92,IAD,North America,Ashburn,273 ms
104.20.113.31,IAD,North America,Ashburn,273 ms
104.22.72.160,IAD,North America,Ashburn,273 ms
104.20.62.72,IAD,North America,Ashburn,273 ms
104.21.3.172,AMS,Europe,Amsterdam,273 ms
104.21.49.128,AMS,Europe,Amsterdam,273 ms
104.21.79.48,AMS,Europe,Amsterdam,273 ms
104.20.176.74,IAD,North America,Ashburn,274 ms
104.16.167.190,SJC,North America,San Jose,274 ms
104.20.28.15,IAD,North America,Ashburn,274 ms
104.25.1.60,IAD,North America,Ashburn,274 ms
104.22.21.118,IAD,North America,Ashburn,274 ms
104.21.72.53,AMS,Europe,Amsterdam,274 ms
104.22.59.25,IAD,North America,Ashburn,274 ms
104.21.41.148,AMS,Europe,Amsterdam,274 ms
104.21.192.166,AMS,Europe,Amsterdam,274 ms
104.20.234.141,IAD,North America,Ashburn,274 ms
104.16.25.115,SJC,North America,San Jose,274 ms
104.20.8.54,IAD,North America,Ashburn,274 ms
104.20.147.108,IAD,North America,Ashburn,274 ms
104.24.195.236,IAD,North America,Ashburn,275 ms
104.22.47.162,IAD,North America,Ashburn,275 ms
104.25.111.157,IAD,North America,Ashburn,275 ms
104.21.27.33,AMS,Europe,Amsterdam,275 ms
104.25.209.20,EWR,North America,Newark,275 ms
104.20.94.2,IAD,North America,Ashburn,275 ms
104.20.136.11,IAD,North America,Ashburn,275 ms
104.20.126.68,IAD,North America,Ashburn,275 ms
104.21.40.128,AMS,Europe,Amsterdam,275 ms
104.20.107.50,IAD,North America,Ashburn,276 ms
104.20.118.102,IAD,North America,Ashburn,276 ms
104.20.233.74,IAD,North America,Ashburn,276 ms
104.19.206.29,SJC,North America,San Jose,276 ms
104.20.131.179,IAD,North America,Ashburn,276 ms
104.20.108.217,IAD,North America,Ashburn,276 ms
104.20.255.141,IAD,North America,Ashburn,277 ms
104.19.227.98,SJC,North America,San Jose,277 ms
104.20.103.135,IAD,North America,Ashburn,277 ms
104.21.19.175,AMS,Europe,Amsterdam,277 ms
104.20.6.221,IAD,North America,Ashburn,277 ms
104.21.237.195,DFW,North America,Dallas,277 ms
104.21.37.156,AMS,Europe,Amsterdam,277 ms
104.21.100.15,AMS,Europe,Amsterdam,277 ms
104.21.230.138,DFW,North America,Dallas,277 ms
104.20.130.44,IAD,North America,Ashburn,278 ms
104.20.73.33,IAD,North America,Ashburn,278 ms
104.20.56.14,IAD,North America,Ashburn,278 ms
104.20.229.149,IAD,North America,Ashburn,278 ms
104.20.66.242,IAD,North America,Ashburn,278 ms
104.21.235.50,DFW,North America,Dallas,278 ms
104.17.245.163,SJC,North America,San Jose,278 ms
104.21.210.86,AMS,Europe,Amsterdam,278 ms
104.20.17.85,IAD,North America,Ashburn,278 ms
104.21.52.218,AMS,Europe,Amsterdam,278 ms
104.17.125.233,SJC,North America,San Jose,279 ms
104.21.13.120,AMS,Europe,Amsterdam,279 ms
104.21.51.37,AMS,Europe,Amsterdam,279 ms
104.20.24.152,IAD,North America,Ashburn,279 ms
104.20.29.239,IAD,North America,Ashburn,279 ms
104.21.96.128,AMS,Europe,Amsterdam,279 ms
104.20.245.156,IAD,North America,Ashburn,279 ms
104.21.218.129,AMS,Europe,Amsterdam,280 ms
104.17.74.145,SJC,North America,San Jose,280 ms
104.21.63.104,AMS,Europe,Amsterdam,280 ms
104.21.208.91,AMS,Europe,Amsterdam,280 ms
104.21.12.90,AMS,Europe,Amsterdam,280 ms
104.20.87.254,IAD,North America,Ashburn,280 ms
104.21.126.196,AMS,Europe,Amsterdam,280 ms
104.21.226.95,DFW,North America,Dallas,280 ms
104.21.53.253,AMS,Europe,Amsterdam,281 ms
104.26.2.38,IAD,North America,Ashburn,281 ms
104.20.11.102,IAD,North America,Ashburn,281 ms
104.25.208.156,IAD,North America,Ashburn,281 ms
104.20.67.148,IAD,North America,Ashburn,281 ms
104.20.241.183,IAD,North America,Ashburn,282 ms
104.20.220.240,IAD,North America,Ashburn,282 ms
104.20.75.205,IAD,North America,Ashburn,282 ms
104.20.15.231,IAD,North America,Ashburn,282 ms
104.20.168.209,IAD,North America,Ashburn,283 ms
104.21.112.72,AMS,Europe,Amsterdam,283 ms
104.16.50.42,SJC,North America,San Jose,283 ms
104.25.8.253,IAD,North America,Ashburn,283 ms
104.20.13.103,IAD,North America,Ashburn,283 ms
104.20.235.15,IAD,North America,Ashburn,283 ms
104.20.110.54,IAD,North America,Ashburn,283 ms
104.17.138.168,SJC,North America,San Jose,283 ms
104.25.234.32,EWR,North America,Newark,283 ms
104.22.71.92,IAD,North America,Ashburn,285 ms
104.20.187.142,IAD,North America,Ashburn,285 ms
104.22.0.192,IAD,North America,Ashburn,286 ms
104.21.115.132,AMS,Europe,Amsterdam,286 ms
104.20.50.99,IAD,North America,Ashburn,286 ms
104.21.113.86,AMS,Europe,Amsterdam,286 ms
104.21.227.120,DFW,North America,Dallas,287 ms
104.22.42.32,IAD,North America,Ashburn,287 ms
104.16.9.134,SJC,North America,San Jose,287 ms
104.20.111.12,IAD,North America,Ashburn,287 ms
104.17.200.28,SJC,North America,San Jose,288 ms
104.16.11.226,SJC,North America,San Jose,290 ms
104.21.118.57,AMS,Europe,Amsterdam,291 ms
104.16.77.123,SJC,North America,San Jose,291 ms
104.22.67.114,IAD,North America,Ashburn,291 ms
104.17.2.31,SJC,North America,San Jose,292 ms
104.17.23.227,SJC,North America,San Jose,294 ms
104.16.102.113,SJC,North America,San Jose,295 ms
104.20.63.153,IAD,North America,Ashburn,296 ms
104.19.176.119,SJC,North America,San Jose,296 ms
104.16.165.229,SJC,North America,San Jose,296 ms
104.16.79.43,SJC,North America,San Jose,297 ms
104.20.65.78,IAD,North America,Ashburn,298 ms
104.19.250.214,SJC,North America,San Jose,299 ms
104.16.10.128,SJC,North America,San Jose,299 ms
104.20.10.51,IAD,North America,Ashburn,299 ms
104.20.186.114,IAD,North America,Ashburn,300 ms
104.17.189.253,SJC,North America,San Jose,302 ms
104.17.172.18,SJC,North America,San Jose,305 ms
104.20.44.178,IAD,North America,Ashburn,305 ms
104.27.69.127,EWR,North America,Newark,307 ms
104.19.147.252,SJC,North America,San Jose,307 ms
104.20.96.192,IAD,North America,Ashburn,308 ms
104.24.193.243,EWR,North America,Newark,308 ms
104.19.166.217,SJC,North America,San Jose,311 ms
104.19.171.191,SJC,North America,San Jose,316 ms
104.17.193.225,SJC,North America,San Jose,318 ms
104.19.183.24,SJC,North America,San Jose,321 ms
104.16.67.173,SJC,North America,San Jose,326 ms
104.16.83.111,SJC,North America,San Jose,331 ms
104.16.35.232,SJC,North America,San Jose,331 ms
104.18.243.152,SJC,North America,San Jose,332 ms
104.16.240.8,SJC,North America,San Jose,334 ms
104.16.241.119,SJC,North America,San Jose,335 ms
104.17.190.21,SJC,North America,San Jose,337 ms
104.16.186.184,SJC,North America,San Jose,337 ms
104.16.42.172,SJC,North America,San Jose,338 ms
104.16.78.80,SJC,North America,San Jose,341 ms
104.17.21.125,SJC,North America,San Jose,342 ms
104.16.249.110,SJC,North America,San Jose,342 ms
104.16.223.163,SJC,North America,San Jose,344 ms
104.16.231.156,SJC,North America,San Jose,345 ms
1.1.1.244,SJC,North America,San Jose,345 ms
104.16.220.174,SJC,North America,San Jose,350 ms
104.16.155.2,SJC,North America,San Jose,351 ms
104.17.137.149,SJC,North America,San Jose,351 ms
104.17.135.169,SJC,North America,San Jose,353 ms
104.16.193.214,SJC,North America,San Jose,354 ms
104.17.77.58,SJC,North America,San Jose,354 ms
104.17.153.160,SJC,North America,San Jose,355 ms
104.16.184.85,SJC,North America,San Jose,356 ms
104.17.235.109,SJC,North America,San Jose,357 ms
104.17.45.182,SJC,North America,San Jose,357 ms
104.17.238.190,SJC,North America,San Jose,358 ms
104.16.200.61,SJC,North America,San Jose,359 ms
104.17.240.81,SJC,North America,San Jose,360 ms
104.18.56.123,SJC,North America,San Jose,361 ms
104.16.6.81,SJC,North America,San Jose,362 ms
104.17.168.171,SJC,North America,San Jose,362 ms
103.21.244.222,SJC,North America,San Jose,366 ms
104.17.152.23,SJC,North America,San Jose,366 ms
104.16.139.234,SJC,North America,San Jose,367 ms
66.235.200.57,SJC,North America,San Jose,367 ms
104.17.128.144,SJC,North America,San Jose,368 ms
104.17.96.170,SJC,North America,San Jose,370 ms
104.17.173.41,SJC,North America,San Jose,372 ms
104.17.99.48,SJC,North America,San Jose,372 ms
104.16.142.194,SJC,North America,San Jose,375 ms
104.17.220.27,SJC,North America,San Jose,376 ms
104.17.100.125,SJC,North America,San Jose,377 ms
104.17.76.115,SJC,North America,San Jose,380 ms
104.16.85.148,SJC,North America,San Jose,381 ms
104.18.3.189,SJC,North America,San Jose,383 ms
104.16.204.159,SJC,North America,San Jose,383 ms
104.17.80.92,SJC,North America,San Jose,383 ms
104.16.86.143,SJC,North America,San Jose,385 ms
104.19.145.98,SJC,North America,San Jose,386 ms
104.19.193.8,SJC,North America,San Jose,390 ms
104.19.223.68,SJC,North America,San Jose,393 ms
104.17.94.72,SJC,North America,San Jose,393 ms
104.17.210.213,SJC,North America,San Jose,395 ms
104.19.213.93,SJC,North America,San Jose,396 ms
104.17.192.100,SJC,North America,San Jose,396 ms
104.18.58.196,SJC,North America,San Jose,398 ms
104.17.196.144,SJC,North America,San Jose,398 ms
104.17.242.7,SJC,North America,San Jose,398 ms
104.18.62.110,SJC,North America,San Jose,399 ms
104.19.137.47,SJC,North America,San Jose,400 ms
104.19.194.181,SJC,North America,San Jose,400 ms
104.18.63.126,SJC,North America,San Jose,402 ms
104.18.16.89,SJC,North America,San Jose,402 ms
104.19.190.79,SJC,North America,San Jose,402 ms
104.16.190.242,SJC,North America,San Jose,405 ms
104.19.135.243,SJC,North America,San Jose,407 ms
104.16.104.189,SJC,North America,San Jose,418 ms
104.18.61.217,SJC,North America,San Jose,431 ms
104.19.133.198,SJC,North America,San Jose,434 ms
104.18.55.93,SJC,North America,San Jose,441 ms
104.18.53.124,SJC,North America,San Jose,454 ms
104.19.141.123,SJC,North America,San Jose,467 ms
104.18.48.151,SJC,North America,San Jose,516 ms
104.19.130.48,SJC,North America,San Jose,522 ms
104.19.139.246,SJC,North America,San Jose,546 ms
